suspectible,exposed,infected,carrier,dead,recovered,idx
3799985,5,5,5,0,0,1
3799985,5,5,5,0,0,1
3799985,4,5,6,0,0,1
3799985,2,6,7,0,0,1
3799985,2,6,7,0,0,1
3799985,1,7,6,0,1,1
3799984,1,7,7,0,1,1
3799984,1,7,7,0,1,1
3799982,3,7,6,0,2,1
3799982,3,7,6,0,2,1
3799982,1,5,8,0,4,1
3799981,2,4,8,0,5,1
3799981,2,4,8,0,5,1
3799980,3,4,8,0,5,1
3799978,3,4,9,0,6,1
3799976,4,5,9,0,6,1
3799973,6,6,8,0,7,1
3799972,6,5,9,0,8,1
3799971,4,5,11,0,9,1
3799967,6,6,11,0,10,1
3799965,7,7,10,0,11,1
3799965,7,7,10,0,11,1
3799964,5,8,9,0,14,1
3799962,6,8,10,0,14,1
3799962,6,7,10,0,15,1
3799962,6,7,10,0,15,1
3799961,6,6,10,0,17,1
3799961,5,6,10,0,18,1
3799961,5,4,9,0,21,1
3799961,5,4,9,0,21,1
3799961,5,4,8,0,22,1
3799961,3,4,9,0,23,1
3799960,2,4,9,0,25,1
3799957,4,3,10,0,26,1
3799952,8,4,10,0,26,1
3799948,12,4,10,0,26,1
3799947,10,7,8,0,28,1
3799946,9,9,8,0,28,1
3799945,8,8,8,0,31,1
3799943,9,8,9,0,31,1
3799939,11,9,9,0,32,1
3799937,12,10,8,0,33,1
3799934,14,11,8,0,33,1
3799932,14,10,9,0,35,1
3799929,14,12,9,0,36,1
3799927,11,13,13,0,36,1
3799919,16,14,14,0,37,1
3799916,17,13,16,0,38,1
3799910,19,13,19,0,39,1
3799904,24,12,17,0,43,1
3799899,23,15,19,0,44,1
3799892,24,18,22,0,44,1
3799886,26,18,25,0,45,1
3799877,32,18,26,0,47,1
3799864,35,19,31,0,51,1
3799851,44,19,32,0,54,1
3799838,50,22,35,0,55,1
3799816,63,28,35,0,58,1
3799801,69,33,36,0,61,1
3799783,74,39,39,0,65,1
3799768,70,47,43,0,72,1
3799751,69,57,47,0,76,1
3799719,89,60,51,0,81,1
3799696,101,69,49,0,85,1
3799670,108,80,55,0,87,1
3799653,97,81,70,0,99,1
3799602,122,85,82,0,109,1
3799550,155,93,87,0,115,1
3799489,191,104,92,1,123,1
3799433,227,104,96,1,139,1
3799375,254,117,99,1,154,1
3799325,260,133,114,1,167,1
3799264,270,154,132,1,179,1
3799195,290,175,142,1,197,1
3799124,292,196,171,1,216,1
3799031,328,227,184,1,229,1
3798933,369,245,201,1,251,1
3798812,421,268,225,2,272,1
3798686,471,286,253,2,302,1
3798530,530,321,279,2,338,1
3798358,605,357,303,2,375,1
3798175,691,387,339,3,405,1
3797970,769,444,380,3,434,1
3797715,892,484,428,3,478,1
3797459,979,534,490,4,534,1
3797154,1091,617,553,4,581,1
3796787,1303,670,593,4,643,1
3796397,1435,781,667,4,716,1
3796002,1566,888,747,5,792,1
3795569,1722,986,856,5,862,1
3795093,1871,1114,956,5,961,1
3794500,2116,1263,1059,5,1057,1
3793913,2339,1390,1149,6,1203,1
3793258,2570,1545,1283,6,1338,1
3792559,2786,1713,1451,6,1485,1
3791667,3110,1915,1653,9,1646,1
3790692,3518,2135,1826,10,1819,1
3789623,3942,2360,2013,12,2050,1
3788434,4383,2633,2242,13,2295,1
3787123,4908,2925,2497,15,2532,1
3785537,5581,3248,2814,15,2805,1
3783777,6302,3577,3185,15,3144,1
3781736,7159,4012,3557,16,3520,1
3779552,8012,4514,3994,18,3910,1
3777275,8785,5080,4482,25,4353,1
3774726,9650,5744,5008,28,4844,1
3771733,10765,6424,5655,33,5390,1
3768493,11938,7199,6306,36,6028,1
3764880,13255,8058,7030,45,6732,1
3760923,14648,8988,7865,46,7530,1
3756431,16301,10031,8785,50,8402,1
3751372,18086,11278,9782,56,9426,1
3745838,20032,12653,10896,64,10517,1
3739694,22227,14099,12201,72,11707,1
3732647,24938,15676,13568,82,13089,1
3725100,27525,17475,15103,91,14706,1
3716586,30528,19456,16830,104,16496,1
3707354,33506,21746,18765,111,18518,1
3696920,37049,24247,21005,120,20659,1
3685506,40693,27184,23459,137,23021,1
3673030,44934,30100,26124,153,25659,1
3659163,49403,33570,28991,172,28701,1
3643937,54380,37319,32197,204,31963,1
3627248,59695,41403,35657,231,35766,1
3609286,64950,46032,39547,255,39930,1
3589242,71180,51043,43778,280,44477,1
3567678,77427,56601,48406,321,49567,1
3544193,83877,62675,53598,356,55301,1
3519084,90565,69198,59036,392,61725,1
3491904,97634,76338,64817,429,68878,1
3462689,105043,83953,71089,491,76735,1
3431778,112177,92009,78158,538,85340,1
3398561,119816,100801,85239,600,94983,1
3363552,127289,110134,92833,662,105530,1
3326347,135343,119790,100877,734,116909,1
3287559,142402,130136,109229,806,129868,1
3247037,149511,140747,117972,886,143847,1
3204990,156197,151862,126767,979,159205,1
3161654,162372,163282,135934,1088,175670,1
3116918,168062,175009,144795,1204,194012,1
3070916,173906,186532,153668,1328,213650,1
3024515,177692,198616,162964,1469,234744,1
2977471,180820,210736,171659,1620,257694,1
2930255,183264,222221,180032,1785,282443,1
2882906,185077,233387,187785,1962,308883,1
2835818,185914,244066,195203,2141,336858,1
2788931,185883,254376,202184,2335,366291,1
2742853,185142,263672,207996,2548,397789,1
2698184,182280,272457,213448,2758,430873,1
2653882,179596,280189,217842,3013,465478,1
2610734,177411,286134,220916,3265,501540,1
2569326,173960,291149,223118,3535,538912,1
2528851,169982,295519,224411,3805,577432,1
2490613,164738,298299,224860,4116,617374,1
2453833,159144,299741,224544,4386,658352,1
2418629,153230,300741,223140,4681,699579,1
2384891,146955,300372,221172,4993,741617,1
2352980,140957,298862,217982,5317,783902,1
2322322,134934,296194,214220,5608,826722,1
2293519,128981,292631,209473,5939,869457,1
2266056,124806,287236,203158,6250,912494,1
2240694,118909,281373,196933,6550,955541,1
2216579,112747,275280,190587,6882,997925,1
2194079,106823,268313,184011,7206,1039568,1
2173048,100717,260969,177157,7553,1080556,1
2153218,95156,253261,169968,7863,1120534,1
2134989,89481,244632,162671,8167,1160060,1
2117632,84527,235889,155510,8482,1197960,1
2101696,79175,227124,148323,8750,1234932,1
2086587,74440,217893,141349,9034,1270697,1
2072628,70055,208600,134035,9312,1305370,1
2059788,65645,199336,127086,9600,1338545,1
2047599,61825,190166,120223,9851,1370336,1
2036412,57809,181342,113648,10082,1400707,1
2026117,54491,172186,106729,10322,1430155,1
2016492,51321,163265,100236,10517,1458169,1
2007581,48295,154673,94012,10717,1484722,1
1999249,45142,146593,88231,10922,1509863,1
1991684,41879,138606,82774,11118,1533939,1
1984846,38872,130887,77562,11322,1556511,1
3799985,5,5,5,0,0,2
3799985,5,5,5,0,0,2
3799985,4,6,5,0,0,2
3799985,2,7,6,0,0,2
3799985,2,7,6,0,0,2
3799985,1,8,6,0,0,2
3799985,0,8,7,0,0,2
3799985,0,8,7,0,0,2
3799984,1,8,7,0,0,2
3799984,1,8,6,0,1,2
3799984,1,7,6,0,2,2
3799984,1,5,6,0,4,2
3799984,0,6,6,0,4,2
3799984,0,5,6,0,5,2
3799983,1,5,6,0,5,2
3799983,0,6,6,0,5,2
3799983,0,6,6,0,5,2
3799983,0,5,5,0,7,2
3799983,0,4,5,0,8,2
3799983,0,4,5,0,8,2
3799983,0,4,5,0,8,2
3799983,0,3,5,0,9,2
3799983,0,3,5,0,9,2
3799983,0,3,5,0,9,2
3799983,0,2,5,0,10,2
3799983,0,2,5,0,10,2
3799983,0,2,5,0,10,2
3799983,0,1,5,0,11,2
3799983,0,1,5,0,11,2
3799983,0,1,5,0,11,2
3799983,0,1,5,0,11,2
3799983,0,1,5,0,11,2
3799983,0,1,5,0,11,2
3799983,0,1,5,0,11,2
3799983,0,1,5,0,11,2
3799983,0,1,5,0,11,2
3799983,0,1,5,0,11,2
3799983,0,1,5,0,11,2
3799983,0,0,5,0,12,2
3799983,0,0,5,0,12,2
3799983,0,0,5,0,12,2
3799983,0,0,5,0,12,2
3799983,0,0,5,0,12,2
3799983,0,0,5,0,12,2
3799983,0,0,5,0,12,2
3799983,0,0,5,0,12,2
3799983,0,0,5,0,12,2
3799983,0,0,5,0,12,2
3799983,0,0,5,0,12,2
3799983,0,0,5,0,12,2
3799983,0,0,5,0,12,2
3799983,0,0,5,0,12,2
3799983,0,0,5,0,12,2
3799983,0,0,5,0,12,2
3799983,0,0,5,0,12,2
3799983,0,0,5,0,12,2
3799983,0,0,5,0,12,2
3799983,0,0,5,0,12,2
3799983,0,0,5,0,12,2
3799983,0,0,5,0,12,2
3799983,0,0,5,0,12,2
3799983,0,0,5,0,12,2
3799983,0,0,5,0,12,2
3799983,0,0,5,0,12,2
3799983,0,0,5,0,12,2
3799983,0,0,5,0,12,2
3799983,0,0,5,0,12,2
3799983,0,0,5,0,12,2
3799983,0,0,5,0,12,2
3799983,0,0,5,0,12,2
3799983,0,0,5,0,12,2
3799983,0,0,5,0,12,2
3799983,0,0,5,0,12,2
3799983,0,0,5,0,12,2
3799983,0,0,5,0,12,2
3799983,0,0,5,0,12,2
3799983,0,0,5,0,12,2
3799983,0,0,5,0,12,2
3799983,0,0,5,0,12,2
3799983,0,0,5,0,12,2
3799983,0,0,5,0,12,2
3799983,0,0,5,0,12,2
3799983,0,0,5,0,12,2
3799983,0,0,5,0,12,2
3799983,0,0,5,0,12,2
3799983,0,0,5,0,12,2
3799983,0,0,5,0,12,2
3799983,0,0,5,0,12,2
3799983,0,0,5,0,12,2
3799983,0,0,5,0,12,2
3799983,0,0,5,0,12,2
3799983,0,0,5,0,12,2
3799983,0,0,5,0,12,2
3799983,0,0,5,0,12,2
3799983,0,0,5,0,12,2
3799983,0,0,5,0,12,2
3799983,0,0,5,0,12,2
3799983,0,0,5,0,12,2
3799983,0,0,5,0,12,2
3799983,0,0,5,0,12,2
3799983,0,0,5,0,12,2
3799983,0,0,5,0,12,2
3799983,0,0,5,0,12,2
3799983,0,0,5,0,12,2
3799983,0,0,5,0,12,2
3799983,0,0,5,0,12,2
3799983,0,0,5,0,12,2
3799983,0,0,5,0,12,2
3799983,0,0,5,0,12,2
3799983,0,0,5,0,12,2
3799983,0,0,5,0,12,2
3799983,0,0,5,0,12,2
3799983,0,0,5,0,12,2
3799983,0,0,5,0,12,2
3799983,0,0,5,0,12,2
3799983,0,0,5,0,12,2
3799983,0,0,5,0,12,2
3799983,0,0,5,0,12,2
3799983,0,0,5,0,12,2
3799983,0,0,5,0,12,2
3799983,0,0,5,0,12,2
3799983,0,0,5,0,12,2
3799983,0,0,5,0,12,2
3799983,0,0,5,0,12,2
3799983,0,0,5,0,12,2
3799983,0,0,5,0,12,2
3799983,0,0,5,0,12,2
3799983,0,0,5,0,12,2
3799983,0,0,5,0,12,2
3799983,0,0,5,0,12,2
3799983,0,0,5,0,12,2
3799983,0,0,5,0,12,2
3799983,0,0,5,0,12,2
3799983,0,0,5,0,12,2
3799983,0,0,5,0,12,2
3799983,0,0,5,0,12,2
3799983,0,0,5,0,12,2
3799983,0,0,5,0,12,2
3799983,0,0,5,0,12,2
3799983,0,0,5,0,12,2
3799983,0,0,5,0,12,2
3799983,0,0,5,0,12,2
3799983,0,0,5,0,12,2
3799983,0,0,5,0,12,2
3799983,0,0,5,0,12,2
3799983,0,0,5,0,12,2
3799983,0,0,5,0,12,2
3799983,0,0,5,0,12,2
3799983,0,0,5,0,12,2
3799983,0,0,5,0,12,2
3799983,0,0,5,0,12,2
3799983,0,0,5,0,12,2
3799983,0,0,5,0,12,2
3799983,0,0,5,0,12,2
3799983,0,0,5,0,12,2
3799983,0,0,5,0,12,2
3799983,0,0,5,0,12,2
3799983,0,0,5,0,12,2
3799983,0,0,5,0,12,2
3799983,0,0,5,0,12,2
3799983,0,0,5,0,12,2
3799983,0,0,5,0,12,2
3799983,0,0,5,0,12,2
3799983,0,0,5,0,12,2
3799983,0,0,5,0,12,2
3799983,0,0,5,0,12,2
3799983,0,0,5,0,12,2
3799983,0,0,5,0,12,2
3799983,0,0,5,0,12,2
3799983,0,0,5,0,12,2
3799983,0,0,5,0,12,2
3799983,0,0,5,0,12,2
3799983,0,0,5,0,12,2
3799983,0,0,5,0,12,2
3799983,0,0,5,0,12,2
3799983,0,0,5,0,12,2
3799983,0,0,5,0,12,2
3799983,0,0,5,0,12,2
3799983,0,0,5,0,12,2
3799983,0,0,5,0,12,2
3799985,5,5,5,0,0,3
3799985,5,5,5,0,0,3
3799985,4,5,6,0,0,3
3799985,2,7,6,0,0,3
3799985,2,7,6,0,0,3
3799985,1,7,7,0,0,3
3799985,0,8,7,0,0,3
3799984,1,8,6,0,1,3
3799984,0,9,6,0,1,3
3799984,0,9,6,0,1,3
3799984,0,8,6,0,2,3
3799984,0,7,6,1,2,3
3799983,1,7,6,1,2,3
3799983,1,7,6,1,2,3
3799983,1,7,6,1,2,3
3799983,1,6,6,1,3,3
3799983,1,4,6,1,5,3
3799982,2,2,5,1,8,3
3799982,2,1,5,1,9,3
3799982,2,1,5,1,9,3
3799982,2,1,5,1,9,3
3799982,1,2,5,1,9,3
3799982,1,2,5,1,9,3
3799982,1,2,5,1,9,3
3799982,1,1,5,1,10,3
3799982,1,1,5,1,10,3
3799982,1,1,5,1,10,3
3799982,0,2,5,1,10,3
3799982,0,2,5,1,10,3
3799982,0,2,5,1,10,3
3799982,0,2,5,1,10,3
3799982,0,2,5,1,10,3
3799982,0,2,5,1,10,3
3799982,0,1,5,1,11,3
3799982,0,1,5,1,11,3
3799982,0,0,5,1,12,3
3799982,0,0,5,1,12,3
3799982,0,0,5,1,12,3
3799982,0,0,5,1,12,3
3799982,0,0,5,1,12,3
3799982,0,0,5,1,12,3
3799982,0,0,5,1,12,3
3799982,0,0,5,1,12,3
3799982,0,0,5,1,12,3
3799982,0,0,5,1,12,3
3799982,0,0,5,1,12,3
3799982,0,0,5,1,12,3
3799982,0,0,5,1,12,3
3799982,0,0,5,1,12,3
3799982,0,0,5,1,12,3
3799982,0,0,5,1,12,3
3799982,0,0,5,1,12,3
3799982,0,0,5,1,12,3
3799982,0,0,5,1,12,3
3799982,0,0,5,1,12,3
3799982,0,0,5,1,12,3
3799982,0,0,5,1,12,3
3799982,0,0,5,1,12,3
3799982,0,0,5,1,12,3
3799982,0,0,5,1,12,3
3799982,0,0,5,1,12,3
3799982,0,0,5,1,12,3
3799982,0,0,5,1,12,3
3799982,0,0,5,1,12,3
3799982,0,0,5,1,12,3
3799982,0,0,5,1,12,3
3799982,0,0,5,1,12,3
3799982,0,0,5,1,12,3
3799982,0,0,5,1,12,3
3799982,0,0,5,1,12,3
3799982,0,0,5,1,12,3
3799982,0,0,5,1,12,3
3799982,0,0,5,1,12,3
3799982,0,0,5,1,12,3
3799982,0,0,5,1,12,3
3799982,0,0,5,1,12,3
3799982,0,0,5,1,12,3
3799982,0,0,5,1,12,3
3799982,0,0,5,1,12,3
3799982,0,0,5,1,12,3
3799982,0,0,5,1,12,3
3799982,0,0,5,1,12,3
3799982,0,0,5,1,12,3
3799982,0,0,5,1,12,3
3799982,0,0,5,1,12,3
3799982,0,0,5,1,12,3
3799982,0,0,5,1,12,3
3799982,0,0,5,1,12,3
3799982,0,0,5,1,12,3
3799982,0,0,5,1,12,3
3799982,0,0,5,1,12,3
3799982,0,0,5,1,12,3
3799982,0,0,5,1,12,3
3799982,0,0,5,1,12,3
3799982,0,0,5,1,12,3
3799982,0,0,5,1,12,3
3799982,0,0,5,1,12,3
3799982,0,0,5,1,12,3
3799982,0,0,5,1,12,3
3799982,0,0,5,1,12,3
3799982,0,0,5,1,12,3
3799982,0,0,5,1,12,3
3799982,0,0,5,1,12,3
3799982,0,0,5,1,12,3
3799982,0,0,5,1,12,3
3799982,0,0,5,1,12,3
3799982,0,0,5,1,12,3
3799982,0,0,5,1,12,3
3799982,0,0,5,1,12,3
3799982,0,0,5,1,12,3
3799982,0,0,5,1,12,3
3799982,0,0,5,1,12,3
3799982,0,0,5,1,12,3
3799982,0,0,5,1,12,3
3799982,0,0,5,1,12,3
3799982,0,0,5,1,12,3
3799982,0,0,5,1,12,3
3799982,0,0,5,1,12,3
3799982,0,0,5,1,12,3
3799982,0,0,5,1,12,3
3799982,0,0,5,1,12,3
3799982,0,0,5,1,12,3
3799982,0,0,5,1,12,3
3799982,0,0,5,1,12,3
3799982,0,0,5,1,12,3
3799982,0,0,5,1,12,3
3799982,0,0,5,1,12,3
3799982,0,0,5,1,12,3
3799982,0,0,5,1,12,3
3799982,0,0,5,1,12,3
3799982,0,0,5,1,12,3
3799982,0,0,5,1,12,3
3799982,0,0,5,1,12,3
3799982,0,0,5,1,12,3
3799982,0,0,5,1,12,3
3799982,0,0,5,1,12,3
3799982,0,0,5,1,12,3
3799982,0,0,5,1,12,3
3799982,0,0,5,1,12,3
3799982,0,0,5,1,12,3
3799982,0,0,5,1,12,3
3799982,0,0,5,1,12,3
3799982,0,0,5,1,12,3
3799982,0,0,5,1,12,3
3799982,0,0,5,1,12,3
3799982,0,0,5,1,12,3
3799982,0,0,5,1,12,3
3799982,0,0,5,1,12,3
3799982,0,0,5,1,12,3
3799982,0,0,5,1,12,3
3799982,0,0,5,1,12,3
3799982,0,0,5,1,12,3
3799982,0,0,5,1,12,3
3799982,0,0,5,1,12,3
3799982,0,0,5,1,12,3
3799982,0,0,5,1,12,3
3799982,0,0,5,1,12,3
3799982,0,0,5,1,12,3
3799982,0,0,5,1,12,3
3799982,0,0,5,1,12,3
3799982,0,0,5,1,12,3
3799982,0,0,5,1,12,3
3799982,0,0,5,1,12,3
3799982,0,0,5,1,12,3
3799982,0,0,5,1,12,3
3799982,0,0,5,1,12,3
3799982,0,0,5,1,12,3
3799982,0,0,5,1,12,3
3799982,0,0,5,1,12,3
3799982,0,0,5,1,12,3
3799982,0,0,5,1,12,3
3799982,0,0,5,1,12,3
3799982,0,0,5,1,12,3
3799982,0,0,5,1,12,3
3799982,0,0,5,1,12,3
3799982,0,0,5,1,12,3
3799982,0,0,5,1,12,3
3799982,0,0,5,1,12,3
3799982,0,0,5,1,12,3
3799982,0,0,5,1,12,3
3799985,5,5,5,0,0,4
3799985,5,5,5,0,0,4
3799985,4,5,6,0,0,4
3799985,2,6,7,0,0,4
3799985,2,6,7,0,0,4
3799985,1,6,8,0,0,4
3799985,0,7,8,0,0,4
3799985,0,7,8,0,0,4
3799985,0,6,8,0,1,4
3799985,0,6,8,0,1,4
3799984,1,5,7,0,3,4
3799984,1,4,6,0,5,4
3799984,0,5,6,0,5,4
3799982,2,5,6,0,5,4
3799982,2,5,6,0,5,4
3799982,1,6,6,0,5,4
3799982,1,5,6,0,6,4
3799982,1,4,6,0,7,4
3799982,1,3,6,0,8,4
3799982,1,3,6,0,8,4
3799982,1,3,5,0,9,4
3799982,1,3,5,0,9,4
3799982,1,2,5,0,10,4
3799982,0,3,5,0,10,4
3799982,0,1,5,0,12,4
3799982,0,1,5,0,12,4
3799982,0,1,5,0,12,4
3799982,0,1,5,0,12,4
3799982,0,1,5,0,12,4
3799982,0,0,5,0,13,4
3799982,0,0,5,0,13,4
3799982,0,0,5,0,13,4
3799982,0,0,5,0,13,4
3799982,0,0,5,0,13,4
3799982,0,0,5,0,13,4
3799982,0,0,5,0,13,4
3799982,0,0,5,0,13,4
3799982,0,0,5,0,13,4
3799982,0,0,5,0,13,4
3799982,0,0,5,0,13,4
3799982,0,0,5,0,13,4
3799982,0,0,5,0,13,4
3799982,0,0,5,0,13,4
3799982,0,0,5,0,13,4
3799982,0,0,5,0,13,4
3799982,0,0,5,0,13,4
3799982,0,0,5,0,13,4
3799982,0,0,5,0,13,4
3799982,0,0,5,0,13,4
3799982,0,0,5,0,13,4
3799982,0,0,5,0,13,4
3799982,0,0,5,0,13,4
3799982,0,0,5,0,13,4
3799982,0,0,5,0,13,4
3799982,0,0,5,0,13,4
3799982,0,0,5,0,13,4
3799982,0,0,5,0,13,4
3799982,0,0,5,0,13,4
3799982,0,0,5,0,13,4
3799982,0,0,5,0,13,4
3799982,0,0,5,0,13,4
3799982,0,0,5,0,13,4
3799982,0,0,5,0,13,4
3799982,0,0,5,0,13,4
3799982,0,0,5,0,13,4
3799982,0,0,5,0,13,4
3799982,0,0,5,0,13,4
3799982,0,0,5,0,13,4
3799982,0,0,5,0,13,4
3799982,0,0,5,0,13,4
3799982,0,0,5,0,13,4
3799982,0,0,5,0,13,4
3799982,0,0,5,0,13,4
3799982,0,0,5,0,13,4
3799982,0,0,5,0,13,4
3799982,0,0,5,0,13,4
3799982,0,0,5,0,13,4
3799982,0,0,5,0,13,4
3799982,0,0,5,0,13,4
3799982,0,0,5,0,13,4
3799982,0,0,5,0,13,4
3799982,0,0,5,0,13,4
3799982,0,0,5,0,13,4
3799982,0,0,5,0,13,4
3799982,0,0,5,0,13,4
3799982,0,0,5,0,13,4
3799982,0,0,5,0,13,4
3799982,0,0,5,0,13,4
3799982,0,0,5,0,13,4
3799982,0,0,5,0,13,4
3799982,0,0,5,0,13,4
3799982,0,0,5,0,13,4
3799982,0,0,5,0,13,4
3799982,0,0,5,0,13,4
3799982,0,0,5,0,13,4
3799982,0,0,5,0,13,4
3799982,0,0,5,0,13,4
3799982,0,0,5,0,13,4
3799982,0,0,5,0,13,4
3799982,0,0,5,0,13,4
3799982,0,0,5,0,13,4
3799982,0,0,5,0,13,4
3799982,0,0,5,0,13,4
3799982,0,0,5,0,13,4
3799982,0,0,5,0,13,4
3799982,0,0,5,0,13,4
3799982,0,0,5,0,13,4
3799982,0,0,5,0,13,4
3799982,0,0,5,0,13,4
3799982,0,0,5,0,13,4
3799982,0,0,5,0,13,4
3799982,0,0,5,0,13,4
3799982,0,0,5,0,13,4
3799982,0,0,5,0,13,4
3799982,0,0,5,0,13,4
3799982,0,0,5,0,13,4
3799982,0,0,5,0,13,4
3799982,0,0,5,0,13,4
3799982,0,0,5,0,13,4
3799982,0,0,5,0,13,4
3799982,0,0,5,0,13,4
3799982,0,0,5,0,13,4
3799982,0,0,5,0,13,4
3799982,0,0,5,0,13,4
3799982,0,0,5,0,13,4
3799982,0,0,5,0,13,4
3799982,0,0,5,0,13,4
3799982,0,0,5,0,13,4
3799982,0,0,5,0,13,4
3799982,0,0,5,0,13,4
3799982,0,0,5,0,13,4
3799982,0,0,5,0,13,4
3799982,0,0,5,0,13,4
3799982,0,0,5,0,13,4
3799982,0,0,5,0,13,4
3799982,0,0,5,0,13,4
3799982,0,0,5,0,13,4
3799982,0,0,5,0,13,4
3799982,0,0,5,0,13,4
3799982,0,0,5,0,13,4
3799982,0,0,5,0,13,4
3799982,0,0,5,0,13,4
3799982,0,0,5,0,13,4
3799982,0,0,5,0,13,4
3799982,0,0,5,0,13,4
3799982,0,0,5,0,13,4
3799982,0,0,5,0,13,4
3799982,0,0,5,0,13,4
3799982,0,0,5,0,13,4
3799982,0,0,5,0,13,4
3799982,0,0,5,0,13,4
3799982,0,0,5,0,13,4
3799982,0,0,5,0,13,4
3799982,0,0,5,0,13,4
3799982,0,0,5,0,13,4
3799982,0,0,5,0,13,4
3799982,0,0,5,0,13,4
3799982,0,0,5,0,13,4
3799982,0,0,5,0,13,4
3799982,0,0,5,0,13,4
3799982,0,0,5,0,13,4
3799982,0,0,5,0,13,4
3799982,0,0,5,0,13,4
3799982,0,0,5,0,13,4
3799982,0,0,5,0,13,4
3799982,0,0,5,0,13,4
3799982,0,0,5,0,13,4
3799982,0,0,5,0,13,4
3799982,0,0,5,0,13,4
3799982,0,0,5,0,13,4
3799982,0,0,5,0,13,4
3799982,0,0,5,0,13,4
3799982,0,0,5,0,13,4
3799982,0,0,5,0,13,4
3799982,0,0,5,0,13,4
3799982,0,0,5,0,13,4
3799982,0,0,5,0,13,4
3799982,0,0,5,0,13,4
3799982,0,0,5,0,13,4
3799982,0,0,5,0,13,4
3799985,5,5,5,0,0,5
3799985,5,5,5,0,0,5
3799985,4,6,5,0,0,5
3799985,2,6,7,0,0,5
3799985,2,6,7,0,0,5
3799985,1,6,8,0,0,5
3799985,0,7,8,0,0,5
3799985,0,7,8,0,0,5
3799985,0,7,8,0,0,5
3799985,0,7,8,0,0,5
3799985,0,6,8,0,1,5
3799984,1,4,8,0,3,5
3799984,0,5,8,0,3,5
3799984,0,5,8,0,3,5
3799984,0,5,8,0,3,5
3799984,0,5,5,0,6,5
3799984,0,5,5,0,6,5
3799984,0,4,5,0,7,5
3799984,0,3,5,0,8,5
3799984,0,3,5,0,8,5
3799984,0,3,5,0,8,5
3799984,0,3,5,0,8,5
3799984,0,3,5,0,8,5
3799984,0,3,5,0,8,5
3799984,0,2,5,0,9,5
3799984,0,2,5,0,9,5
3799984,0,2,5,0,9,5
3799984,0,2,5,0,9,5
3799984,0,1,5,0,10,5
3799984,0,1,5,0,10,5
3799984,0,1,5,0,10,5
3799984,0,1,5,0,10,5
3799984,0,1,5,0,10,5
3799984,0,1,5,0,10,5
3799984,0,1,5,0,10,5
3799984,0,0,5,0,11,5
3799984,0,0,5,0,11,5
3799984,0,0,5,0,11,5
3799984,0,0,5,0,11,5
3799984,0,0,5,0,11,5
3799984,0,0,5,0,11,5
3799984,0,0,5,0,11,5
3799984,0,0,5,0,11,5
3799984,0,0,5,0,11,5
3799984,0,0,5,0,11,5
3799984,0,0,5,0,11,5
3799984,0,0,5,0,11,5
3799984,0,0,5,0,11,5
3799984,0,0,5,0,11,5
3799984,0,0,5,0,11,5
3799984,0,0,5,0,11,5
3799984,0,0,5,0,11,5
3799984,0,0,5,0,11,5
3799984,0,0,5,0,11,5
3799984,0,0,5,0,11,5
3799984,0,0,5,0,11,5
3799984,0,0,5,0,11,5
3799984,0,0,5,0,11,5
3799984,0,0,5,0,11,5
3799984,0,0,5,0,11,5
3799984,0,0,5,0,11,5
3799984,0,0,5,0,11,5
3799984,0,0,5,0,11,5
3799984,0,0,5,0,11,5
3799984,0,0,5,0,11,5
3799984,0,0,5,0,11,5
3799984,0,0,5,0,11,5
3799984,0,0,5,0,11,5
3799984,0,0,5,0,11,5
3799984,0,0,5,0,11,5
3799984,0,0,5,0,11,5
3799984,0,0,5,0,11,5
3799984,0,0,5,0,11,5
3799984,0,0,5,0,11,5
3799984,0,0,5,0,11,5
3799984,0,0,5,0,11,5
3799984,0,0,5,0,11,5
3799984,0,0,5,0,11,5
3799984,0,0,5,0,11,5
3799984,0,0,5,0,11,5
3799984,0,0,5,0,11,5
3799984,0,0,5,0,11,5
3799984,0,0,5,0,11,5
3799984,0,0,5,0,11,5
3799984,0,0,5,0,11,5
3799984,0,0,5,0,11,5
3799984,0,0,5,0,11,5
3799984,0,0,5,0,11,5
3799984,0,0,5,0,11,5
3799984,0,0,5,0,11,5
3799984,0,0,5,0,11,5
3799984,0,0,5,0,11,5
3799984,0,0,5,0,11,5
3799984,0,0,5,0,11,5
3799984,0,0,5,0,11,5
3799984,0,0,5,0,11,5
3799984,0,0,5,0,11,5
3799984,0,0,5,0,11,5
3799984,0,0,5,0,11,5
3799984,0,0,5,0,11,5
3799984,0,0,5,0,11,5
3799984,0,0,5,0,11,5
3799984,0,0,5,0,11,5
3799984,0,0,5,0,11,5
3799984,0,0,5,0,11,5
3799984,0,0,5,0,11,5
3799984,0,0,5,0,11,5
3799984,0,0,5,0,11,5
3799984,0,0,5,0,11,5
3799984,0,0,5,0,11,5
3799984,0,0,5,0,11,5
3799984,0,0,5,0,11,5
3799984,0,0,5,0,11,5
3799984,0,0,5,0,11,5
3799984,0,0,5,0,11,5
3799984,0,0,5,0,11,5
3799984,0,0,5,0,11,5
3799984,0,0,5,0,11,5
3799984,0,0,5,0,11,5
3799984,0,0,5,0,11,5
3799984,0,0,5,0,11,5
3799984,0,0,5,0,11,5
3799984,0,0,5,0,11,5
3799984,0,0,5,0,11,5
3799984,0,0,5,0,11,5
3799984,0,0,5,0,11,5
3799984,0,0,5,0,11,5
3799984,0,0,5,0,11,5
3799984,0,0,5,0,11,5
3799984,0,0,5,0,11,5
3799984,0,0,5,0,11,5
3799984,0,0,5,0,11,5
3799984,0,0,5,0,11,5
3799984,0,0,5,0,11,5
3799984,0,0,5,0,11,5
3799984,0,0,5,0,11,5
3799984,0,0,5,0,11,5
3799984,0,0,5,0,11,5
3799984,0,0,5,0,11,5
3799984,0,0,5,0,11,5
3799984,0,0,5,0,11,5
3799984,0,0,5,0,11,5
3799984,0,0,5,0,11,5
3799984,0,0,5,0,11,5
3799984,0,0,5,0,11,5
3799984,0,0,5,0,11,5
3799984,0,0,5,0,11,5
3799984,0,0,5,0,11,5
3799984,0,0,5,0,11,5
3799984,0,0,5,0,11,5
3799984,0,0,5,0,11,5
3799984,0,0,5,0,11,5
3799984,0,0,5,0,11,5
3799984,0,0,5,0,11,5
3799984,0,0,5,0,11,5
3799984,0,0,5,0,11,5
3799984,0,0,5,0,11,5
3799984,0,0,5,0,11,5
3799984,0,0,5,0,11,5
3799984,0,0,5,0,11,5
3799984,0,0,5,0,11,5
3799984,0,0,5,0,11,5
3799984,0,0,5,0,11,5
3799984,0,0,5,0,11,5
3799984,0,0,5,0,11,5
3799984,0,0,5,0,11,5
3799984,0,0,5,0,11,5
3799984,0,0,5,0,11,5
3799984,0,0,5,0,11,5
3799984,0,0,5,0,11,5
3799984,0,0,5,0,11,5
3799984,0,0,5,0,11,5
3799984,0,0,5,0,11,5
3799984,0,0,5,0,11,5
3799984,0,0,5,0,11,5
3799984,0,0,5,0,11,5
3799984,0,0,5,0,11,5
3799984,0,0,5,0,11,5
3799984,0,0,5,0,11,5
3799984,0,0,5,0,11,5
3799985,5,5,5,0,0,6
3799985,5,5,5,0,0,6
3799985,4,5,6,0,0,6
3799985,2,6,7,0,0,6
3799984,3,6,7,0,0,6
3799982,4,6,8,0,0,6
3799982,3,6,9,0,0,6
3799981,2,7,10,0,0,6
3799981,1,8,10,0,0,6
3799981,0,9,10,0,0,6
3799980,1,8,10,0,1,6
3799978,3,7,9,0,3,6
3799978,3,7,9,0,3,6
3799978,2,7,10,0,3,6
3799978,1,7,9,0,5,6
3799976,3,7,8,0,6,6
3799975,4,7,8,0,6,6
3799974,3,7,9,0,7,6
3799971,5,6,10,0,8,6
3799965,11,6,10,0,8,6
3799958,17,6,10,0,9,6
3799955,18,7,11,0,9,6
3799948,23,8,11,0,10,6
3799938,28,11,13,0,10,6
3799932,27,12,14,0,15,6
3799928,26,15,16,0,15,6
3799923,25,19,18,0,15,6
3799916,27,20,21,0,16,6
3799906,32,20,26,0,16,6
3799897,33,26,26,0,18,6
3799888,35,29,27,0,21,6
3799874,41,32,30,0,23,6
3799845,60,35,34,0,26,6
3799831,68,36,35,0,30,6
3799810,76,45,37,0,32,6
3799786,85,48,46,0,35,6
3799750,105,56,48,0,41,6
3799725,110,62,57,0,46,6
3799685,134,68,63,1,49,6
3799651,146,78,70,1,54,6
3799621,149,86,82,1,61,6
3799582,165,93,86,1,73,6
3799529,186,110,94,1,80,6
3799464,217,121,104,1,93,6
3799406,238,133,116,2,105,6
3799337,257,149,138,2,117,6
3799261,292,164,148,2,133,6
3799188,319,179,161,2,151,6
3799089,375,198,169,2,167,6
3798996,389,214,217,2,182,6
3798873,435,235,249,3,205,6
3798738,479,264,286,3,230,6
3798577,551,296,314,3,259,6
3798416,607,350,330,4,293,6
3798198,709,402,352,4,335,6
3797987,807,443,384,4,375,6
3797769,882,502,423,4,420,6
3797501,993,575,450,4,477,6
3797265,1055,640,514,4,522,6
3796997,1129,703,586,4,581,6
3796661,1251,786,662,4,636,6
3796287,1395,865,725,5,723,6
3795855,1569,942,817,5,812,6
3795359,1769,1057,904,6,905,6
3794855,1962,1163,1010,7,1003,6
3794275,2164,1303,1127,8,1123,6
3793631,2425,1449,1236,9,1250,6
3792922,2678,1614,1386,10,1390,6
3792123,2975,1790,1552,12,1548,6
3791215,3303,2000,1745,13,1724,6
3790190,3686,2251,1948,15,1910,6
3789043,4133,2512,2179,16,2117,6
3787662,4769,2774,2378,20,2397,6
3786193,5357,3118,2609,20,2703,6
3784581,6022,3460,2911,23,3003,6
3782807,6681,3871,3270,27,3344,6
3780839,7352,4385,3676,28,3720,6
3778633,8170,4942,4115,29,4111,6
3776161,9097,5492,4662,32,4556,6
3773404,10144,6142,5229,37,5044,6
3770398,11206,6842,5852,40,5662,6
3766939,12515,7650,6538,44,6314,6
3763120,13941,8551,7283,49,7056,6
3758752,15553,9604,8190,59,7842,6
3754044,17256,10699,9162,66,8773,6
3748630,19356,11874,10251,72,9817,6
3742659,21506,13245,11477,78,11035,6
3735953,23891,14973,12807,83,12293,6
3728601,26594,16659,14309,97,13740,6
3720480,29511,18576,15885,108,15440,6
3711753,32484,20715,17686,118,17244,6
3702077,35641,23223,19683,121,19255,6
3691414,39038,25926,21942,136,21544,6
3679567,42808,28862,24450,158,24155,6
3666433,47023,32152,27286,178,26928,6
3651844,51805,35774,30299,206,30072,6
3635961,56865,39606,33754,226,33588,6
3618646,62084,44037,37535,250,37448,6
3599684,67886,48798,41507,282,41843,6
3579079,74021,53997,45852,305,46746,6
3556868,80224,59712,50613,345,52238,6
3532568,86681,66154,55870,383,58344,6
3506788,93237,72750,61632,425,65168,6
3479086,100086,80020,67781,468,72559,6
3449318,107252,87734,74516,532,80648,6
3417298,114993,95925,81489,596,89699,6
3383222,122807,104717,88943,657,99654,6
3347210,130878,113834,96311,728,111039,6
3309095,138726,123920,104335,790,123134,6
3269844,145379,134543,112725,871,136638,6
3228531,152418,145217,121659,959,151216,6
3185929,158805,156653,130564,1054,166995,6
3141958,164630,168394,139624,1194,184200,6
3096969,169925,180105,148687,1305,203009,6
3051473,173990,191830,158027,1424,223256,6
3004773,178136,203511,166782,1559,245239,6
2958042,180930,214938,175648,1690,268752,6
2911053,183333,226179,183590,1853,293992,6
2864027,184832,237241,191008,2039,320853,6
2817561,184620,247715,198438,2238,349428,6
2771000,184885,257492,204398,2446,379779,6
2725566,183426,266353,210066,2665,411924,6
2681471,180937,274518,214693,2905,445476,6
2638041,178016,281615,218342,3159,480827,6
2596084,174967,287416,220851,3408,517274,6
2555394,170491,292466,222835,3671,555143,6
2516040,165669,296001,224102,3957,594231,6
2478129,160653,298277,224570,4278,634093,6
2441643,155493,299791,223435,4551,675087,6
2406813,149817,300092,221783,4864,716631,6
2373902,144067,299003,219082,5152,758794,6
2342562,137930,297221,215437,5459,801391,6
2312718,132452,293807,210719,5798,844506,6
2284844,126570,289681,205613,6135,887157,6
2258555,121435,284143,199207,6463,930197,6
2233464,115704,278368,192789,6788,972887,6
2210434,109594,271773,186348,7117,1014734,6
2188642,103494,264945,179621,7449,1055849,6
2168287,97946,257064,172578,7749,1096376,6
2149209,92443,248892,165167,8039,1136250,6
2131435,87493,240355,157752,8288,1174677,6
2114829,82649,231450,150334,8590,1212148,6
2099402,77657,222601,143424,8891,1248025,6
2084959,72963,213407,136304,9168,1283199,6
2071530,68574,204411,129328,9446,1316711,6
2059181,64056,195343,122369,9712,1349339,6
2047695,59989,186085,115515,9964,1380752,6
2037110,56061,177006,109045,10196,1410582,6
2027181,52545,168381,102766,10427,1438700,6
2018001,49047,159877,96778,10655,1465642,6
2009417,46145,151306,90835,10873,1491424,6
2001403,43134,143090,85275,11080,1516018,6
1994019,40229,134969,80024,11296,1539463,6
1987207,37534,127420,74950,11465,1561424,6
1980869,35092,119982,70190,11653,1582214,6
1975077,32679,112920,65728,11847,1601749,6
1969598,30541,106071,61408,12017,1620365,6
1964614,28455,99917,57302,12171,1637541,6
1959930,26531,93844,53506,12306,1653883,6
1955567,24795,87998,49989,12444,1669207,6
1951613,23036,82457,46701,12563,1683630,6
1947930,21414,77260,43409,12677,1697310,6
1944423,20023,72231,40332,12781,1710210,6
1941242,18612,67428,37514,12887,1722317,6
1938297,17463,62952,34942,12976,1733370,6
1935577,16303,58847,32511,13063,1743699,6
1933143,15052,54969,30360,13165,1753311,6
1930843,13911,51340,28220,13248,1762438,6
1928650,12898,47881,26152,13315,1771104,6
1926645,12018,44694,24219,13387,1779037,6
1924763,11121,41798,22651,13451,1786216,6
1923019,10398,38916,21051,13518,1793098,6
1921409,9646,36419,19536,13579,1799411,6
1919921,8957,33774,18211,13628,1805509,6
1918562,8278,31480,16879,13675,1811126,6
1917313,7666,29328,15696,13723,1816274,6
1916100,7148,27290,14632,13772,1821058,6
1915022,6682,25367,13579,13816,1825534,6
1913942,6248,23640,12558,13847,1829765,6
1913024,5804,21972,11568,13868,1833764,6
3799985,5,5,5,0,0,7
3799985,5,5,5,0,0,7
3799985,4,6,5,0,0,7
3799985,2,7,6,0,0,7
3799985,2,7,6,0,0,7
3799985,1,7,7,0,0,7
3799984,1,8,7,0,0,7
3799984,0,9,7,0,0,7
3799983,1,9,7,0,0,7
3799983,1,9,7,0,0,7
3799983,1,8,6,0,2,7
3799983,1,6,6,0,4,7
3799983,1,6,6,0,4,7
3799983,1,6,6,0,4,7
3799983,1,6,6,0,4,7
3799983,0,5,7,0,5,7
3799983,0,5,7,0,5,7
3799983,0,4,7,0,6,7
3799983,0,2,7,0,8,7
3799982,1,2,7,0,8,7
3799982,1,2,6,0,9,7
3799982,1,1,6,0,10,7
3799982,1,1,6,0,10,7
3799982,0,1,6,0,11,7
3799982,0,0,6,0,12,7
3799982,0,0,6,0,12,7
3799982,0,0,6,0,12,7
3799982,0,0,6,0,12,7
3799981,1,0,6,0,12,7
3799981,1,0,6,0,12,7
3799980,2,0,6,0,12,7
3799980,1,1,6,0,12,7
3799980,1,1,6,0,12,7
3799980,0,2,6,0,12,7
3799980,0,2,6,0,12,7
3799980,0,2,6,0,12,7
3799980,0,2,6,0,12,7
3799980,0,2,6,0,12,7
3799980,0,2,6,0,12,7
3799980,0,2,5,0,13,7
3799980,0,2,5,0,13,7
3799980,0,2,5,0,13,7
3799980,0,2,5,0,13,7
3799980,0,2,5,0,13,7
3799980,0,2,5,0,13,7
3799980,0,2,5,0,13,7
3799980,0,2,5,0,13,7
3799980,0,1,5,0,14,7
3799980,0,0,5,0,15,7
3799980,0,0,5,0,15,7
3799980,0,0,5,0,15,7
3799980,0,0,5,0,15,7
3799980,0,0,5,0,15,7
3799980,0,0,5,0,15,7
3799980,0,0,5,0,15,7
3799980,0,0,5,0,15,7
3799980,0,0,5,0,15,7
3799980,0,0,5,0,15,7
3799980,0,0,5,0,15,7
3799980,0,0,5,0,15,7
3799980,0,0,5,0,15,7
3799980,0,0,5,0,15,7
3799980,0,0,5,0,15,7
3799980,0,0,5,0,15,7
3799980,0,0,5,0,15,7
3799980,0,0,5,0,15,7
3799980,0,0,5,0,15,7
3799980,0,0,5,0,15,7
3799980,0,0,5,0,15,7
3799980,0,0,5,0,15,7
3799980,0,0,5,0,15,7
3799980,0,0,5,0,15,7
3799980,0,0,5,0,15,7
3799980,0,0,5,0,15,7
3799980,0,0,5,0,15,7
3799980,0,0,5,0,15,7
3799980,0,0,5,0,15,7
3799980,0,0,5,0,15,7
3799980,0,0,5,0,15,7
3799980,0,0,5,0,15,7
3799980,0,0,5,0,15,7
3799980,0,0,5,0,15,7
3799980,0,0,5,0,15,7
3799980,0,0,5,0,15,7
3799980,0,0,5,0,15,7
3799980,0,0,5,0,15,7
3799980,0,0,5,0,15,7
3799980,0,0,5,0,15,7
3799980,0,0,5,0,15,7
3799980,0,0,5,0,15,7
3799980,0,0,5,0,15,7
3799980,0,0,5,0,15,7
3799980,0,0,5,0,15,7
3799980,0,0,5,0,15,7
3799980,0,0,5,0,15,7
3799980,0,0,5,0,15,7
3799980,0,0,5,0,15,7
3799980,0,0,5,0,15,7
3799980,0,0,5,0,15,7
3799980,0,0,5,0,15,7
3799980,0,0,5,0,15,7
3799980,0,0,5,0,15,7
3799980,0,0,5,0,15,7
3799980,0,0,5,0,15,7
3799980,0,0,5,0,15,7
3799980,0,0,5,0,15,7
3799980,0,0,5,0,15,7
3799980,0,0,5,0,15,7
3799980,0,0,5,0,15,7
3799980,0,0,5,0,15,7
3799980,0,0,5,0,15,7
3799980,0,0,5,0,15,7
3799980,0,0,5,0,15,7
3799980,0,0,5,0,15,7
3799980,0,0,5,0,15,7
3799980,0,0,5,0,15,7
3799980,0,0,5,0,15,7
3799980,0,0,5,0,15,7
3799980,0,0,5,0,15,7
3799980,0,0,5,0,15,7
3799980,0,0,5,0,15,7
3799980,0,0,5,0,15,7
3799980,0,0,5,0,15,7
3799980,0,0,5,0,15,7
3799980,0,0,5,0,15,7
3799980,0,0,5,0,15,7
3799980,0,0,5,0,15,7
3799980,0,0,5,0,15,7
3799980,0,0,5,0,15,7
3799980,0,0,5,0,15,7
3799980,0,0,5,0,15,7
3799980,0,0,5,0,15,7
3799980,0,0,5,0,15,7
3799980,0,0,5,0,15,7
3799980,0,0,5,0,15,7
3799980,0,0,5,0,15,7
3799980,0,0,5,0,15,7
3799980,0,0,5,0,15,7
3799980,0,0,5,0,15,7
3799980,0,0,5,0,15,7
3799980,0,0,5,0,15,7
3799980,0,0,5,0,15,7
3799980,0,0,5,0,15,7
3799980,0,0,5,0,15,7
3799980,0,0,5,0,15,7
3799980,0,0,5,0,15,7
3799980,0,0,5,0,15,7
3799980,0,0,5,0,15,7
3799980,0,0,5,0,15,7
3799980,0,0,5,0,15,7
3799980,0,0,5,0,15,7
3799980,0,0,5,0,15,7
3799980,0,0,5,0,15,7
3799980,0,0,5,0,15,7
3799980,0,0,5,0,15,7
3799980,0,0,5,0,15,7
3799980,0,0,5,0,15,7
3799980,0,0,5,0,15,7
3799980,0,0,5,0,15,7
3799980,0,0,5,0,15,7
3799980,0,0,5,0,15,7
3799980,0,0,5,0,15,7
3799980,0,0,5,0,15,7
3799980,0,0,5,0,15,7
3799980,0,0,5,0,15,7
3799980,0,0,5,0,15,7
3799980,0,0,5,0,15,7
3799980,0,0,5,0,15,7
3799980,0,0,5,0,15,7
3799980,0,0,5,0,15,7
3799980,0,0,5,0,15,7
3799980,0,0,5,0,15,7
3799980,0,0,5,0,15,7
3799980,0,0,5,0,15,7
3799980,0,0,5,0,15,7
3799980,0,0,5,0,15,7
3799980,0,0,5,0,15,7
3799980,0,0,5,0,15,7
3799980,0,0,5,0,15,7
3799980,0,0,5,0,15,7
3799985,5,5,5,0,0,8
3799985,5,5,5,0,0,8
3799985,4,5,6,0,0,8
3799985,2,6,7,0,0,8
3799985,2,6,7,0,0,8
3799985,1,7,7,0,0,8
3799985,0,7,8,0,0,8
3799984,1,7,8,0,0,8
3799984,1,7,7,0,1,8
3799984,1,7,7,0,1,8
3799984,1,6,7,0,2,8
3799984,1,5,7,0,3,8
3799983,1,6,7,0,3,8
3799983,1,6,7,0,3,8
3799980,4,5,6,0,5,8
3799980,3,6,6,0,5,8
3799980,3,6,6,0,5,8
3799979,4,5,5,0,7,8
3799979,3,4,6,0,8,8
3799979,2,5,6,0,8,8
3799979,2,5,6,0,8,8
3799979,1,6,6,0,8,8
3799979,1,6,6,0,8,8
3799979,0,4,7,0,10,8
3799979,0,3,7,0,11,8
3799979,0,3,7,0,11,8
3799978,1,3,6,0,12,8
3799978,1,3,6,0,12,8
3799978,1,3,6,0,12,8
3799978,1,3,6,0,12,8
3799978,1,3,6,0,12,8
3799978,1,2,6,0,13,8
3799977,2,2,5,0,14,8
3799977,1,2,6,0,14,8
3799976,2,2,6,0,14,8
3799975,3,2,6,0,14,8
3799974,4,2,6,0,14,8
3799974,3,1,7,0,15,8
3799972,4,1,8,0,15,8
3799969,7,1,8,0,15,8
3799967,7,1,9,0,16,8
3799964,10,1,9,0,16,8
3799960,13,1,10,0,16,8
3799958,12,2,11,0,17,8
3799956,11,2,14,0,17,8
3799953,11,4,15,0,17,8
3799947,17,4,15,0,17,8
3799946,15,5,16,0,18,8
3799943,13,9,17,0,18,8
3799939,15,9,17,0,20,8
3799931,19,13,16,0,21,8
3799927,19,14,16,0,24,8
3799922,21,17,15,0,25,8
3799916,20,21,16,0,27,8
3799910,17,27,17,0,29,8
3799908,17,28,16,0,31,8
3799903,20,27,16,0,34,8
3799898,22,29,16,0,35,8
3799896,21,31,16,0,36,8
3799889,25,31,18,0,37,8
3799886,22,33,18,0,41,8
3799880,24,33,18,0,45,8
3799874,26,33,20,0,47,8
3799871,26,33,20,0,50,8
3799864,24,33,24,0,55,8
3799857,25,34,27,0,57,8
3799845,30,35,30,0,60,8
3799823,48,34,32,0,63,8
3799812,55,35,33,0,65,8
3799788,72,35,33,0,72,8
3799771,73,40,39,0,77,8
3799753,79,46,40,0,82,8
3799740,76,48,45,0,91,8
3799720,72,51,57,0,100,8
3799704,77,59,56,0,104,8
3799683,83,65,59,0,110,8
3799657,88,71,73,0,111,8
3799619,111,72,81,0,117,8
3799572,137,82,82,0,127,8
3799526,160,87,91,0,136,8
3799487,175,92,98,0,148,8
3799438,202,103,99,0,158,8
3799382,220,114,107,0,177,8
3799333,230,129,119,0,189,8
3799255,267,141,136,0,201,8
3799179,293,159,151,0,218,8
3799103,324,173,161,0,239,8
3799014,353,198,180,0,255,8
3798921,368,229,204,0,278,8
3798811,416,251,222,0,300,8
3798653,511,277,238,0,321,8
3798514,555,320,265,1,345,8
3798350,615,353,293,1,388,8
3798153,693,394,342,1,417,8
3797931,803,429,376,2,459,8
3797700,886,486,412,2,514,8
3797421,978,560,476,2,563,8
3797148,1094,619,524,2,613,8
3796802,1228,700,595,2,673,8
3796433,1374,778,665,3,747,8
3796026,1545,874,738,3,814,8
3795550,1721,998,828,5,898,8
3795062,1895,1114,934,5,990,8
3794488,2100,1238,1067,6,1101,8
3793819,2399,1364,1189,6,1223,8
3793083,2742,1506,1311,7,1351,8
3792330,3013,1668,1477,9,1503,8
3791457,3307,1900,1667,9,1660,8
3790525,3623,2123,1870,10,1849,8
3789414,4011,2386,2114,10,2065,8
3788216,4455,2671,2334,11,2313,8
3786785,5101,2943,2596,13,2562,8
3785261,5685,3280,2904,14,2856,8
3783546,6332,3687,3233,17,3185,8
3781615,7014,4177,3625,22,3547,8
3779565,7722,4685,4038,23,3967,8
3777207,8671,5204,4490,26,4402,8
3774653,9606,5794,4964,31,4952,8
3771755,10639,6499,5582,32,5493,8
3768398,11842,7325,6277,34,6124,8
3764792,13241,8126,6953,39,6849,8
3760668,14814,9083,7796,42,7597,8
3756154,16471,10091,8770,45,8469,8
3751087,18242,11378,9775,53,9465,8
3745451,20377,12746,10785,62,10579,8
3739470,22384,14235,12041,68,11802,8
3732818,24642,15856,13421,83,13180,8
3725374,27178,17639,15004,93,14712,8
3716965,30179,19520,16775,109,16452,8
3707456,33619,21702,18664,122,18437,8
3697215,36964,24237,20838,137,20609,8
3685715,40999,26875,23250,151,23010,8
3673268,45070,29926,25865,168,25703,8
3659626,49445,33298,28771,192,28668,8
3644364,54337,37103,31964,204,32028,8
3627768,59550,41181,35490,221,35790,8
3609936,64446,45938,39566,247,39867,8
3590322,70350,50825,43759,284,44460,8
3569023,76671,56102,48162,322,49720,8
3545808,83410,61901,53061,355,55465,8
3520801,89889,68458,58723,398,61731,8
3493762,96923,75479,64648,437,68751,8
3464858,104022,83083,71056,497,76484,8
3433901,111421,91316,77808,561,84993,8
3401150,118929,99963,85009,625,94324,8
3366390,126453,109097,92441,697,104922,8
3329321,134260,118779,100353,771,116516,8
3291048,141470,128829,108600,857,129196,8
3250907,148250,139796,117068,946,143033,8
3208967,155174,150738,125955,1026,158140,8
3165556,161420,162230,134897,1129,174768,8
3121291,168362,173216,143385,1262,192484,8
3076562,172624,184848,152582,1390,211994,8
3030736,176530,196470,161424,1523,233317,8
2984288,179626,208183,170146,1664,256093,8
2937737,182208,219333,178302,1824,280596,8
2890389,184292,230611,186092,2009,306607,8
2843636,185018,241027,193544,2185,334590,8
2797562,184571,251034,200546,2384,363903,8
2752003,183150,260757,206760,2628,394702,8
2707321,181175,269245,212026,2827,427406,8
2663043,179092,276993,216255,3091,461526,8
2620100,176184,283522,219838,3337,497019,8
2578620,173023,288660,222142,3583,533972,8
2538988,170872,291666,222338,3873,572263,8
2500782,165685,294739,222676,4130,611988,8
2463820,160208,297109,222220,4414,652229,8
2428551,154304,298083,220893,4724,693445,8
2394786,148001,297923,218813,5005,735472,8
2362545,141669,297018,216153,5314,777301,8
2331797,135830,294929,211970,5641,819833,8
2303135,129368,291554,207785,5934,862224,8
2275619,123712,287310,202592,6273,904494,8
2249957,118487,281612,196666,6617,946661,8
2225698,112695,275720,190440,6898,988549,8
2203001,106892,268994,183840,7228,1030045,8
2181820,100797,261502,177383,7583,1070915,8
2161929,94832,253963,170509,7880,1110887,8
2143232,89541,245462,163567,8169,1150029,8
2125669,84593,236986,156340,8512,1187900,8
3799985,5,5,5,0,0,9
3799985,5,5,5,0,0,9
3799985,4,6,5,0,0,9
3799985,2,6,7,0,0,9
3799985,2,6,7,0,0,9
3799985,1,7,7,0,0,9
3799985,0,7,8,0,0,9
3799983,2,7,8,0,0,9
3799981,3,7,9,0,0,9
3799980,4,7,9,0,0,9
3799979,5,6,8,0,2,9
3799979,4,4,9,0,4,9
3799978,3,5,10,0,4,9
3799977,3,6,9,0,5,9
3799976,3,6,10,0,5,9
3799974,3,7,11,0,5,9
3799974,3,7,10,0,6,9
3799972,5,6,10,0,7,9
3799972,4,6,9,0,9,9
3799970,4,5,11,0,10,9
3799969,4,5,11,0,11,9
3799968,5,4,10,0,13,9
3799966,7,4,10,0,13,9
3799966,6,4,9,0,15,9
3799963,8,4,9,0,16,9
3799963,6,6,8,0,17,9
3799959,9,7,7,0,18,9
3799958,10,7,7,0,18,9
3799956,11,8,7,0,18,9
3799956,9,8,9,0,18,9
3799953,10,7,11,0,19,9
3799951,8,7,13,0,21,9
3799947,10,8,13,0,22,9
3799946,8,9,14,1,22,9
3799944,10,9,13,1,23,9
3799944,7,10,15,1,23,9
3799940,8,11,14,1,26,9
3799936,9,10,16,1,28,9
3799928,15,10,17,1,29,9
3799920,20,11,18,1,30,9
3799914,23,13,19,1,30,9
3799904,28,12,21,1,34,9
3799898,30,13,23,1,35,9
3799889,34,16,23,1,37,9
3799878,40,19,23,1,39,9
3799870,40,22,24,1,43,9
3799858,43,27,26,1,45,9
3799839,54,30,29,1,47,9
3799823,63,33,32,2,47,9
3799800,71,39,35,3,52,9
3799783,73,48,41,3,52,9
3799758,88,54,43,3,54,9
3799726,104,59,48,3,60,9
3799706,109,64,53,3,65,9
3799680,113,68,66,4,69,9
3799643,127,73,72,4,81,9
3799606,145,81,78,4,86,9
3799562,159,91,85,4,99,9
3799529,165,102,91,4,109,9
3799484,173,110,106,4,123,9
3799417,204,129,115,4,131,9
3799357,233,136,128,4,142,9
3799283,260,154,141,4,158,9
3799196,301,173,149,4,177,9
3799111,342,184,164,4,195,9
3799021,357,219,183,4,216,9
3798890,425,242,198,4,241,9
3798778,459,280,217,4,262,9
3798675,474,304,250,5,292,9
3798544,517,340,278,6,315,9
3798381,585,367,300,6,361,9
3798218,640,410,334,6,392,9
3798045,682,445,376,6,446,9
3797852,758,476,419,7,488,9
3797639,823,545,452,8,533,9
3797423,892,601,498,9,577,9
3797153,1001,661,536,10,639,9
3796838,1135,716,598,11,702,9
3796513,1246,790,663,12,776,9
3796155,1372,879,709,13,872,9
3795773,1492,975,796,13,951,9
3795335,1642,1075,895,14,1039,9
3794847,1788,1196,1005,14,1150,9
3794257,2025,1290,1140,14,1274,9
3793628,2275,1410,1267,15,1405,9
3792894,2613,1533,1386,20,1554,9
3792099,2934,1702,1525,20,1720,9
3791275,3209,1888,1711,20,1897,9
3790283,3611,2065,1885,22,2134,9
3789252,3976,2292,2095,27,2358,9
3788022,4429,2574,2377,27,2571,9
3786686,4971,2891,2582,30,2840,9
3785261,5431,3256,2880,31,3141,9
3783591,6076,3603,3209,32,3489,9
3781802,6794,4009,3537,36,3822,9
3779810,7427,4509,3961,38,4255,9
3777452,8416,5034,4343,39,4716,9
3774941,9337,5628,4838,42,5214,9
3772096,10337,6310,5418,47,5792,9
3769028,11480,6993,6033,49,6417,9
3765569,12723,7806,6757,54,7091,9
3761617,14191,8714,7561,62,7855,9
3757215,15824,9721,8459,72,8709,9
3752435,17488,10934,9380,80,9683,9
3747278,19205,12238,10482,85,10712,9
3741258,21292,13727,11773,94,11856,9
3734611,23679,15308,13104,100,13198,9
3727215,26455,17010,14583,111,14626,9
3719186,29295,18838,16210,123,16348,9
3710193,32371,21070,18076,135,18155,9
3700301,35686,23481,20095,149,20288,9
3689464,39123,26230,22361,157,22665,9
3677223,43517,29129,24601,178,25352,9
3664096,47707,32278,27467,198,28254,9
3649598,52116,36042,30590,220,31434,9
3633682,57018,40082,33975,236,35007,9
3616276,62184,44442,37793,264,39041,9
3597407,67773,49321,41781,293,43425,9
3576943,73426,54506,46334,320,48471,9
3554294,80193,60118,51091,355,53949,9
3530067,87019,66280,56237,390,60007,9
3504048,93966,73153,61748,427,66658,9
3476286,100755,80501,67951,468,74039,9
3446297,108001,88332,74420,513,82437,9
3414042,116036,96488,81176,561,91697,9
3380108,123360,105525,88597,614,101796,9
3344203,130891,115066,96270,690,112880,9
3306352,138091,125085,104576,763,125133,9
3266706,145468,135549,112834,852,138591,9
3225627,152463,146366,121425,946,153173,9
3183233,158360,157819,130562,1066,168960,9
3139207,164215,169341,139722,1188,186327,9
3094479,169382,181027,148758,1305,205049,9
3048968,173551,192747,157798,1470,225466,9
3002581,177683,204216,166366,1620,247534,9
2955829,180752,215675,174738,1776,271230,9
2908969,182882,226784,183053,1939,296373,9
2862532,183905,237481,190577,2115,323390,9
2816212,185463,246913,196918,2302,352192,9
2770632,184475,256616,202916,2526,382835,9
2725583,182881,265429,208511,2765,414831,9
2681628,180191,273454,213349,3021,448357,9
2638622,176770,280597,217277,3251,483483,9
2596971,172992,286327,220152,3510,520048,9
2556384,169154,291289,221688,3753,557732,9
2517471,164419,295113,222808,4038,596151,9
2479634,159880,297376,222863,4325,635922,9
2443727,154780,298421,221484,4584,677004,9
2409169,149270,298607,219872,4904,718178,9
2376510,143209,297613,217257,5186,760225,9
2345568,136984,295545,213582,5526,802795,9
2315948,130937,292541,209342,5872,845360,9
2288329,124383,288619,204518,6173,887978,9
2261941,118773,283510,198817,6496,930463,9
2237399,113803,277277,192260,6810,972451,9
2214093,108625,270444,185554,7147,1014137,9
2192269,103040,263428,178670,7446,1055147,9
2172007,97169,255873,171901,7723,1095327,9
2152807,91616,247669,164754,8052,1135102,9
2135009,86428,239192,157524,8361,1173486,9
2118345,81383,230430,150285,8662,1210895,9
2103001,76472,221086,143254,8968,1247219,9
2088702,72265,211562,136035,9246,1282190,9
2075351,68029,202379,128961,9508,1315772,9
2063203,63561,193178,122153,9783,1348122,9
2051437,59935,183964,115432,10066,1379166,9
2040677,56164,175237,108857,10309,1408756,9
2030651,52636,166588,102707,10561,1436857,9
2021442,49148,157849,96832,10784,1463945,9
2012889,45898,149609,90923,10997,1489684,9
2004890,43196,141556,85181,11204,1513973,9
1997444,40547,133679,79773,11381,1537176,9
1990665,37971,125925,74706,11568,1559165,9
1984123,35779,118577,69918,11728,1579875,9
1978118,33289,111703,65538,11889,1599463,9
1972688,31037,105224,61378,12022,1617651,9
1967448,28987,99070,57348,12175,1634972,9
1962693,26943,93164,53875,12315,1651010,9
1958223,25343,87422,50245,12454,1666313,9
1954083,23601,82035,46866,12584,1680831,9
